Title,Authors,Journal,Pages,Year,Link,Reproducible Codes
Digitized clear-thinking forecast,Lorry Mundow,Hegmann-Wiegand,79,2026,191.170.145.8,202.19.216.230
Programmable interactive matrices,Amabelle Arington,Jaskolski-Tillman,6,2026,75.193.211.100,58.128.243.242
Compatible web-enabled challenge,Rosalinda Reucastle,"Reynolds, Hackett and Schulist",32,2026,32.209.224.116,40.56.127.172
Front-line didactic info-mediaries,Nikki Bunson,West LLC,36,2025,223.134.223.207,0.203.19.48
Ergonomic zero defect artificial intelligence,Odey Massei,Dickinson LLC,74,2025,134.241.213.23,162.60.59.197
Grass-roots upward-trending product,Artie Gallienne,Konopelski Inc,35,2024,113.249.135.206,160.39.226.120
Polarised systemic hub,Ferguson Drawmer,Conroy-Haag,7,2024,76.198.24.205,30.72.214.49
Adaptive needs-based protocol,Leandra Kubat,Jones-Sauer,4,2024,195.89.176.44,188.227.63.146
Stand-alone client-driven access,Hyman Matissoff,Legros-Jast,99,2024,172.49.167.132,159.61.255.58
Pre-emptive radical orchestration,Luisa Garling,"Lynch, Klein and Howell",25,2022,116.19.38.231,63.235.41.253
Compatible high-level analyzer,Freddy Blaw,"Cummings, Schaefer and Bernhard",100,2022,132.22.163.255,138.129.175.122
Persevering neutral toolset,Hendrik Monks,Skiles Group,4,2021,97.224.8.248,57.219.145.2
Future-proofed didactic website,Patty Petronis,Skiles-Hoppe,78,2021,202.237.141.229,219.20.248.103
